{
  "seed": 20260714,
  "trajectories": 20000,
  "alpha0_real": 2.0,
  "alpha0_imag": 0.5,
  "times": [
    0.0,
    1.5707963267948966,
    3.141592653589793
  ],
  "max_mean_error": 0.005510387493885585,
  "number_estimates": [
    4.252749626118844,
    4.252749626118844,
    4.252749626118844
  ],
  "exact_number": 4.25,
  "quadrature_variances": [
    [
      0.5051308381435574,
      0.49847166437138024
    ],
    [
      0.49847166437138024,
      0.5051308381435574
    ],
    [
      0.5051308381435574,
      0.49847166437138024
    ]
  ],
  "exact_quadrature_variance": 0.5
}