{
  "seed": 20260714,
  "trajectories": 200000,
  "hbar": 1.0,
  "charging_energy": 0.1,
  "sigma_number": 3.0,
  "sigma_phase": 0.15,
  "initial_phase_number_covariance": 0.0,
  "phase_diffusion_time": 3.333333333333333,
  "max_phase_variance_absolute_error": 0.024872276090361467,
  "max_coherence_absolute_error": 0.0021517595079774132,
  "max_phase_variance_standardized_error": 1.354362053368954,
  "max_coherence_standardized_error": 1.5000103595961698,
  "phase_variance_standard_error": [
    7.11640091622108e-05,
    7.185292581669e-05,
    7.39713376638236e-05,
    7.751924470361161e-05,
    8.249664693605403e-05,
    8.890354436115087e-05,
    9.673993697890208e-05,
    0.00010600582478930772,
    0.0001167012077923678,
    0.00012882608598808226,
    0.0001423804593764511,
    0.00015736432795747436,
    0.00017377769173115208,
    0.00019162055069748413,
    0.00021089290485647063,
    0.00023159475420811155,
    0.0002537260987524069,
    0.00027728693848935666,
    0.0003022772734189607,
    0.0003286971035412193,
    0.00035654642885613215,
    0.0003858252493636996,
    0.0004165335650639214,
    0.00044867137595679753,
    0.0004822386820423282,
    0.000517235483320513,
    0.0005536617797913524,
    0.0005915175714548461,
    0.0006308028583109945,
    0.0006715176403597971,
    0.0007136619176012542,
    0.0007572356900353656,
    0.0008022389576621316,
    0.0008486717204815518,
    0.0008965339784936265,
    0.0009458257316983554,
    0.0009965469800957388,
    0.001048697723685777,
    0.001102277962468469,
    0.001157287696443816,
    0.001213726925611817,
    0.0012715956499724727,
    0.0013308938695257824,
    0.0013916215842717462,
    0.0014537787942103654,
    0.0015173654993416383,
    0.0015823816996655663,
    0.001648827395182148,
    0.0017167025858913847,
    0.001786007271793275,
    0.0018567414528878202,
    0.0019289051291750204,
    0.0020024983006548735,
    0.0020775209673273834,
    0.002153973129192545,
    0.0022318547862503623,
    0.002311165938500834,
    0.0023919065859439605,
    0.0024740767285797408,
    0.0025576763664081755,
    0.002642705499429265,
    0.002729164127643009,
    0.002817052251049407,
    0.0029063698696484602,
    0.0029971169834401667,
    0.003089293592424527,
    0.0031828996966015437,
    0.003277935295971213,
    0.003374400390533539,
    0.0034722949802885165,
    0.00357161906523615,
    0.0036723726453764386,
    0.0037745557207093804,
    0.003878168291234977,
    0.0039832103569532274,
    0.004089681917864132,
    0.004197582973967694,
    0.004306913525263906,
    0.004417673571752777,
    0.004529863113434299,
    0.004643482150308477,
    0.004758530682375308,
    0.0048750087096347955,
    0.004992916232086935,
    0.005112253249731729,
    0.005233019762569179,
    0.005355215770599282,
    0.005478841273822041,
    0.0056038962722374545,
    0.005730380765845523,
    0.005858294754646242,
    0.005987638238639618,
    0.00611841121782565,
    0.006250613692204334,
    0.0063842456617756735,
    0.006519307126539665,
    0.0066557980864963145,
    0.006793718541645618,
    0.006933068491987573,
    0.007073847937522184,
    0.007216056878249449,
    0.007359695314169373,
    0.007504763245281947,
    0.007651260671587173,
    0.007799187593085055,
    0.007948544009775594,
    0.008099329921658788,
    0.008251545328734632,
    0.008405190231003133,
    0.008560264628464287,
    0.008716768521118098,
    0.008874701908964562,
    0.009034064792003681,
    0.009194857170235453,
    0.009357079043659882,
    0.009520730412276962,
    0.009685811276086698,
    0.009852321635089091,
    0.010020261489284137,
    0.010189630838671833,
    0.010360429683252188,
    0.010532658023025198,
    0.01070631585799086,
    0.010881403188149176,
    0.011057920013500148,
    0.011235866334043769,
    0.011415242149780054,
    0.01159604746070899,
    0.01177828226683058,
    0.011961946568144819,
    0.012147040364651716,
    0.012333563656351272,
    0.01252151644324348,
    0.012710898725328337,
    0.012901710502605853,
    0.013093951775076022,
    0.013287622542738853,
    0.013482722805594323,
    0.013679252563642458,
    0.013877211816883247,
    0.014076600565316691,
    0.014277418808942784,
    0.014479666547761536,
    0.014683343781772943,
    0.014888450510977,
    0.015094986735373716,
    0.015302952454963084,
    0.015512347669745108,
    0.015723172379719784,
    0.015935426584887117,
    0.016149110285247098,
    0.016364223480799744,
    0.01658076617154504,
    0.016798738357482988,
    0.017018140038613586,
    0.017238971214936845,
    0.017461231886452763,
    0.017684922053161328,
    0.017910041715062545,
    0.01813659087215642,
    0.018364569524442948
  ],