{
  "seed": 20260714,
  "trajectories": 100000,
  "squeeze_r": 0.8,
  "sample_covariance": [
    [
      2.4725553204971535,
      -0.0007363901278697166
    ],
    [
      -0.0007363901278697166,
      0.1013176346068242
    ]
  ],
  "exact_covariance": [
    [
      2.4765162121975575,
      0.0
    ],
    [
      0.0,
      0.10094825899732769
    ]
  ],
  "max_abs_covariance_error": 0.0039608917004039235,
  "sample_anomalous_moment_real": 1.185612246456262,
  "exact_anomalous_moment_real": 1.187783976600115
}