{
  "seed": 20260714,
  "trajectories_per_momentum_pair": 120000,
  "density": 1.0,
  "g": 1.0,
  "g12": 0.6,
  "coupling_initial": 1.0,
  "coupling_final": 0.1,
  "momentum_min": 0.15,
  "momentum_max": 3.0,
  "momentum_count": 24,
  "nambu_convention": "positive column w=(u,-v); S=[[U,-V*],[-V,U*]]",
  "minimum_final_energy": 0.35934184629680976,
  "max_symplectic_constraint_error": 5.551115123125783e-16,
  "max_complete_paraunitary_error": 4.440892098500626e-16,
  "max_symplectic_inverse_formula_error": 4.440892098500626e-16,
  "max_complete_inverse_identity_error": 4.440892098500626e-16,
  "max_complete_basis_transform_matrix_error": 0.0,
  "max_atomic_sample_reconstruction_error": 1.3368855554576669e-15,
  "max_atomic_covariance_basis_reconstruction_error": 3.3306690738754696e-16,
  "max_atomic_covariance_sample_absolute_error": 0.00415517168668751,
  "max_atomic_covariance_sample_standardized_error": 4.024614480986996,
  "max_occupation_absolute_error": 0.002615515688394479,
  "max_anomalous_absolute_error": 0.00287988405788879,
  "max_occupation_standardized_error": 1.6792261054225615,
  "max_anomalous_standardized_error": 2.7128250612488793,
  "occupation_standard_error": [
    0.0015855138055638788,
    0.0015575720743909642,
    0.0015315463416779845,
    0.0015193095746916642,
    0.0015009557151347771,
    0.001475977366955737,
    0.0014671360910757621,
    0.001453409333220315,
    0.0014458714386374855,
    0.0014497532207726261,
    0.001443375097967691,
    0.001449422760665357,
    0.0014428293233627956,
    0.0014372933296185478,
    0.0014452847977737776,
    0.0014436583604521813,
    0.0014459103815730565,
    0.0014477161746375461,
    0.0014329376776571721,
    0.0014507800424660767,
    0.0014502377958669566,
    0.0014396055241532892,
    0.001445672444985058,
    0.001449035552793756
  ],
  "anomalous_standard_error": [
    0.0012133426073680149,
    0.001174866979047303,
    0.0011490800970833741,
    0.0011230469873784012,
    0.001096324417443724,
    0.0010615811904078338,
    0.001052065469829304,
    0.0010450638656223632,
    0.0010338134963577617,
    0.0010314283785856516,
    0.001020229481763158,
    0.0010274089822164597,
    0.0010225408354504594,
    0.001022194778756532,
    0.0010191640748263746,
    0.0010214251259825188,
    0.0010248912149136474,
    0.001022007806901718,
    0.001019057471143524,
    0.0010179764970446223,
    0.00102235001254286,
    0.0010165451835171015,
    0.001023000472602666,
    0.001020361820082438
  ],
  "validation": {
    "thresholds": {
      "minimum_final_energy": 1e-08,
      "max_symplectic_constraint_error": 1e-12,
      "max_occupation_absolute_error": 0.006,
      "max_anomalous_absolute_error": 0.006,
      "max_standardized_error": 5.0,
      "max_complete_matrix_error": 1e-12,
      "max_atomic_covariance_absolute_error": 0.008
    },
    "checks": {
      "final_bogoliubov_spectrum_stable": true,
      "bogoliubov_map_symplectic": true,
      "occupation_absolute_error_below_cap": true,
      "anomalous_absolute_error_below_cap": true,
      "monte_carlo_residuals_within_5se": true,
      "complete_bdg_basis_paraunitary": true,
      "symplectic_inverse_matches_direct_inverse": true,
      "complete_bdg_basis_inverts_to_identity": true,
      "complete_basis_map_matches_pair_coefficients": true,
      "atomic_samples_reconstruct_across_bases": true,
      "atomic_covariance_reconstructs_across_bases": true,
      "atomic_covariance_sampling_absolute_error_below_cap": true,
      "atomic_covariance_sampling_residuals_within_5se": true
    },
    "all_passed": true
  },
  "schema": {
    "name": "wigner-manybody-benchmark-metrics",
    "version": 1
  },
  "run": {
    "run_id": "6a83f0a2-3fff-4d3f-bead-88c860c473d8",
    "script": "code/ch15_quench/quench_covariance.py",
    "script_sha256": "db2c8658bd4239d708b3252dfcc6a8ef55b95ab82ae0a432c4aa51370b7b2044",
    "script_sha256_at_start": "db2c8658bd4239d708b3252dfcc6a8ef55b95ab82ae0a432c4aa51370b7b2044",
    "started_at_unix_ns": 1784017227133393800,
    "started_at_utc": "2026-07-14T08:20:27.133394+00:00",
    "metrics_finalized_at_unix_ns": 1784017231488676300,
    "metrics_finalized_at_utc": "2026-07-14T08:20:31.488676+00:00",
    "python_executable": "C:\\ProgramData\\anaconda3\\envs\\AI_group\\python.exe"
  }
}